ProfessorName,Department,SchoolName,LegacyId,NumRatings,__typename_Rating,adminReviewedAt_Rating,attendanceMandatory_Rating,clarityRating_Rating,class_Rating,comment_Rating,createdByUser_Rating,date_Rating,difficultyRating_Rating,flagStatus_Rating,grade_Rating,helpfulRating_Rating,id_Rating,isForCredit_Rating,isForOnlineClass_Rating,legacyId_Rating,ratingTags_Rating,teacherNote_Rating,textbookUse_Rating,thumbs_Rating,thumbsDownTotal_Rating,thumbsUpTotal_Rating,wouldTakeAgain_Rating
Gary Szenderski,Marketing,University of California Irvine Extension,974031,2,Rating,2010-04-17 09:57:58 +0000 UTC,,4.0,BRANDX462,"He was such a wonderful teacher I've ever had at UCI extension. Although it was an online class, he devoted his time for me whenever I has questions. In addition, the way he teaches was very interesting and practical. I really recommend to take it!!",False,2010-03-15 16:27:03 +0000 UTC,3.0,UNFLAGGED,,5.0,UmF0aW5nLTE2ODc0Nzcy,False,False,16874772.0,,,3.0,[],0.0,0.0,
Gary Szenderski,Marketing,University of California Irvine Extension,974031,2,Rating,2008-11-27 06:24:48 +0000 UTC,,5.0,ECON1,"Gary is easily the best teacher i have had in the field of marketing. his ability to illustrate his points in a clear and concise manner has opened up multiple opportunities for me to succeed on multiple levels. Without his help, i would still be searching for my purpose in this world",False,2008-11-25 17:37:28 +0000 UTC,3.0,UNFLAGGED,,5.0,UmF0aW5nLTE1MDYxOTcw,False,False,15061970.0,,,3.0,"[{'computerId': '18467DFD2E9294E4FD5FB4F2031BE215', 'id': 'VGh1bWItMTQxNjQxOA==', 'thumbsDown': 0, 'thumbsUp': 1}]",0.0,1.0,
Lowell Habel,Management,University of California Irvine Extension,1071584,3,Rating,2013-07-29 21:55:26 +0000 UTC,,5.0,SPE121,"Personally I found Mr. Habel to be an informative and extremely knowledgeable professor.  As an online course I never personally met him, but he was constantly online, answered questions immediately and really made you feel as if you were working with him one-on-one. I've taken several online classes but this one was by far the best! Recommended.",False,2013-07-29 21:51:36 +0000 UTC,3.0,UNFLAGGED,,5.0,UmF0aW5nLTIyMDA3NjQy,True,True,22007642.0,,,5.0,[],0.0,0.0,
Lowell Habel,Management,University of California Irvine Extension,1071584,3,Rating,2011-12-03 23:51:11 +0000 UTC,,5.0,INTERDEAL,I had two classes with Mr.Habel and found him to be a great teacher!,False,2011-12-03 17:10:13 +0000 UTC,3.0,UNFLAGGED,,5.0,UmF0aW5nLTE5MzcxMzAz,False,False,19371303.0,,,2.0,[],0.0,0.0,
Lowell Habel,Management,University of California Irvine Extension,1071584,3,Rating,2010-12-13 12:33:33 +0000 UTC,,5.0,BUSININTE,"Habel is by far the most professional professor I have ever had at UCI. He genuinely cares about me as a person, he has such a stellar background and is an expert in communication. He makes you feel like you are the only one in class, and is always there to help. He made me want to learn, and that is unique in today's business world. Take him for a",False,2010-12-10 22:33:31 +0000 UTC,4.0,UNFLAGGED,,5.0,UmF0aW5nLTE3OTA4NDI4,False,False,17908428.0,,,5.0,[],0.0,0.0,
Marilouise Carlisle,English,University of California Irvine Extension,1110284,2,Rating,2012-02-20 01:24:37 +0000 UTC,,5.0,ENGENG,Prof. Carlisle is very knowledgeable & interesting. She keeps the class engaged and teaches the mechanics and concepts through real world examples.  I learned skills and apply them to my business and everyday life.,False,2012-02-20 01:19:37 +0000 UTC,3.0,UNFLAGGED,,5.0,UmF0aW5nLTE5ODQwNjU0,False,False,19840654.0,,,5.0,[],0.0,0.0,
Marilouise Carlisle,English,University of California Irvine Extension,1110284,2,Rating,2008-05-23 03:03:50 +0000 UTC,,4.0,ENGX446,This review applies to the &quot;in-class&quot; version. Her class was educational and fun. She uses real world examples to engage you in learning to communicate well. Be sure you do the reading so you can participate. She's very generous with helping you with the many writing assignments.,False,2008-03-14 00:18:06 +0000 UTC,4.0,UNFLAGGED,,4.0,UmF0aW5nLTE0MTY0NjYx,False,False,14164661.0,,,4.0,[],0.0,0.0,
Michael Fischer,Law,University of California Irvine Extension,1135514,6,Rating,2015-01-11 11:01:04 +0000 UTC,,5.0,LEGALWRITING,"He took one of the driest subjects and made it very interesting.  You can tell he is very passionate about the subject.  He treats his students with a lot of respect.  You will have a lot of homework, but he will put a lot of time into making sure you receive helpful feedback.",False,2015-01-07 23:51:38 +0000 UTC,4.0,UNFLAGGED,,5.0,UmF0aW5nLTI0MjUxNDEx,True,False,24251411.0,,,5.0,"[{'computerId': '2BA5ECA4F4F56FC8BFB0B5CCB0150048', 'id': 'VGh1bWItMTYwMTAxNQ==', 'thumbsDown': 0, 'thumbsUp': 1}, {'computerId': 'xclxqi9dac8u2o306efg9olw', 'id': 'VGh1bWItMzkwMjAxNDY=', 'thumbsDown': 0, 'thumbsUp': 1}]",0.0,2.0,
Michael Fischer,Law,University of California Irvine Extension,1135514,6,Rating,2013-10-14 19:42:33 +0000 UTC,,4.0,MGMTX40919,"Made what could have been a boring subject, interesting! A passionate teacher that wants you to do well and understand the material.",False,2013-10-14 19:32:01 +0000 UTC,3.0,UNFLAGGED,,5.0,UmF0aW5nLTIyMTc4NTE0,False,False,22178514.0,,,4.0,"[{'computerId': '2BA5ECA4F4F56FC8BFB0B5CCB0150048', 'id': 'VGh1bWItMTYwMTAxNg==', 'thumbsDown': 0, 'thumbsUp': 1}, {'computerId': 'xclxqi9dac8u2o306efg9olw', 'id': 'VGh1bWItMzkwMjAxNTQ=', 'thumbsDown': 0, 'thumbsUp': 1}]",0.0,2.0,
Michael Fischer,Law,University of California Irvine Extension,1135514,6,Rating,2013-06-26 02:03:33 +0000 UTC,,3.0,MMT409,He thinks he is really funny.  I don't think he explained the information well.  He gave assignments without teaching the needed information.  I wouldn't say he is great.,False,2013-06-26 01:56:27 +0000 UTC,4.0,UNFLAGGED,,3.0,UmF0aW5nLTIxOTI0NTE0,False,False,21924514.0,,,3.0,[],0.0,0.0,
Michael Fischer,Law,University of California Irvine Extension,1135514,6,Rating,2010-03-17 03:09:13 +0000 UTC,,5.0,UNEX1,Awsome!  Hands down the best professor I've ever had.,False,2009-11-25 03:37:05 +0000 UTC,5.0,UNFLAGGED,,5.0,UmF0aW5nLTE2NDI2NTgz,False,False,16426583.0,,,5.0,"[{'computerId': 'xclxqi9dac8u2o306efg9olw', 'id': 'VGh1bWItMzkwMjAxNTY=', 'thumbsDown': 0, 'thumbsUp': 1}]",0.0,1.0,
Michael Fischer,Law,University of California Irvine Extension,1135514,6,Rating,2009-03-02 22:19:34 +0000 UTC,,5.0,TORTSPARA,Professor Fischer makes learning fun.  He's the best teacher I've ever had.,False,2009-01-31 19:52:02 +0000 UTC,2.0,UNFLAGGED,,5.0,UmF0aW5nLTE1NDMxODM1,False,False,15431835.0,,,3.0,[],0.0,0.0,
Michael Fischer,Law,University of California Irvine Extension,1135514,6,Rating,2008-07-14 09:29:39 +0000 UTC,,5.0,PARA101,No Comments,False,2008-05-11 22:33:23 +0000 UTC,2.0,UNFLAGGED,,5.0,UmF0aW5nLTE0NDQ5MDUy,False,False,14449052.0,,,4.0,[],0.0,0.0,
Scott Kaufman,English,University of California Irvine Extension,1590741,1,Rating,2011-06-13 20:54:18 +0000 UTC,,4.0,ENG3,"If you put in the work, you will be better after 10 weeks in his class.  He is always willing to take time to help you with writing even after you finish his class.",False,2011-06-13 20:52:42 +0000 UTC,3.0,UNFLAGGED,,5.0,UmF0aW5nLTE4NzI4MTQ2,False,False,18728146.0,,,4.0,[],0.0,0.0,
Cal Spadoni,Computer Science,University of California Irvine Extension,1635443,3,Rating,2014-07-31 08:53:24 +0000 UTC,N,5.0,X49734,"Both a subject matter expert on embedded systems and a terrific instructor! Even though I had prior background in the course topic, I still learned quite a bit, and Cal is the reason why. He was also the only UCI instructor I had that gave constructive and encouraging feedback on submitted assignments vs. just a letter grade. Highly recommended!",False,2014-07-31 07:45:58 +0000 UTC,3.0,UNFLAGGED,,5.0,UmF0aW5nLTIzNDg3MTc1,True,True,23487175.0,,,4.0,[],0.0,0.0,
Cal Spadoni,Computer Science,University of California Irvine Extension,1635443,3,Rating,2013-10-26 13:16:38 +0000 UTC,,1.0,EECX497,This guy did not put any efforts in the class he basically copied material from other quarters and did not even update them.,False,2013-10-26 13:13:41 +0000 UTC,5.0,UNFLAGGED,,1.0,UmF0aW5nLTIyMjE3ODc0,True,True,22217874.0,,,1.0,[],0.0,0.0,
Cal Spadoni,Computer Science,University of California Irvine Extension,1635443,3,Rating,2011-11-03 01:02:12 +0000 UTC,,5.0,X497,"Cal is a great instructor who knows his material, willingness to help, and a passion for software development",False,2011-11-02 18:57:51 +0000 UTC,2.0,REVIEWED,,5.0,UmF0aW5nLTE5MTQ4NDcw,False,False,19148470.0,,,3.0,[],0.0,0.0,
Kesha Smith,Computer Science,University of California Irvine Extension,1709374,3,Rating,2016-07-15 07:50:30 +0000 UTC,mandatory,5.0,SCIX46049,Prof Smith really cares about her students. She always answered my questions in a timely manner and helped me when I was strugging with some of the advanced concepts. She really had unlimited patience with me because she knew I was trying. I would highly recommend her.,False,2016-07-15 07:24:20 +0000 UTC,3.0,UNFLAGGED,A,5.0,UmF0aW5nLTI2ODA3Njcz,True,False,26807673.0,,,5.0,[],0.0,0.0,1.0
Kesha Smith,Computer Science,University of California Irvine Extension,1709374,3,Rating,2014-03-04 21:37:31 +0000 UTC,,1.0,SCIX46049,"Rarely interacted with students and was not available to help when whole class was struggling. Never gave criticism for classwork, feedback came weeks after assignments where due despite class rules that feedback would be provided seven days after work was due. Provided example code that did not work. Poor class experience overall.",False,2014-03-04 21:34:14 +0000 UTC,1.0,UNFLAGGED,,1.0,UmF0aW5nLTIyODg1Nzc2,True,True,22885776.0,,,2.0,[],0.0,0.0,
Kesha Smith,Computer Science,University of California Irvine Extension,1709374,3,Rating,2013-12-10 20:03:54 +0000 UTC,N,5.0,46010,"Prof. Smith was helpful and understands how hard Java can be. She gave us a good grade on our group project ever though it didn't quite work, seeing that we worked diligently right up to the last seconds before the deadline.",False,2013-12-06 17:00:35 +0000 UTC,3.0,UNFLAGGED,A,4.0,UmF0aW5nLTIyNDU2NTk2,True,True,22456596.0,,,3.0,[],0.0,0.0,
Dana Garfin,Psychology,University of California Irvine Extension,1780038,1,Rating,2012-12-30 11:53:10 +0000 UTC,,2.0,PSYBE137H,Human Stress is an interesting course but she's really hard. She talks extremely fast and gives TOO MUCH INFORMATION on everything. Her goal is to get through as many slides as possible in 1 day. My notes for her class ends up twice as long compared to my other classes. It makes studying impossible to memorize so many things that she covers.,False,2012-12-14 02:00:11 +0000 UTC,5.0,UNFLAGGED,,2.0,UmF0aW5nLTIxMDY2NzQw,False,False,21066740.0,,,2.0,[],0.0,0.0,
Christoph Hilscher,Business,University of California Irvine Extension,1783460,1,Rating,2013-01-03 00:41:42 +0000 UTC,,1.0,MGMT4501,"This prof is by far the worst I've ever seen (and I've had TONS of professors). His syllabus was unclear and incomplete for this course, making it incredibly confusing. Took him weeks to respond to e-mails. I cannot believe he's still teaching, as it's very apparent that he doesn't care for his students at all. Very disappointed in UCI. Bad form.",False,2012-12-17 00:51:50 +0000 UTC,3.0,UNFLAGGED,,1.0,UmF0aW5nLTIxMDk0OTEy,False,False,21094912.0,,,4.0,"[{'computerId': 'D368C6CB33EA73351E60D44F568CE2F0', 'id': 'VGh1bWItMTcyMjQ5Mg==', 'thumbsDown': 0, 'thumbsUp': 1}, {'computerId': '2F2B157C64DDA602CA9ABBF2446E2578', 'id': 'VGh1bWItMzc5ODAwOQ==', 'thumbsDown': 0, 'thumbsUp': 1}]",0.0,2.0,
Bernard Jeltema,Computer Science,University of California Irvine Extension,1823097,1,Rating,2013-05-31 21:17:09 +0000 UTC,,2.0,SCIX42522,A lot of concept and not a lot of hands on. You have to come up with your own project. Its difficult to come up with your own project if you have no prior knowledge of course content.,False,2013-05-29 20:51:34 +0000 UTC,2.0,UNFLAGGED,,3.0,UmF0aW5nLTIxODQyMTc3,True,True,21842177.0,,,5.0,[],0.0,0.0,
Victor Wu,Information Science,University of California Irvine Extension,1903300,1,Rating,2014-05-23 07:25:56 +0000 UTC,,3.0,ICSCIX44080,Take the certification elsewhere (perhaps CSULB?) or buy the books and self-study.,False,2014-05-21 23:50:53 +0000 UTC,3.0,UNFLAGGED,,1.0,UmF0aW5nLTIzMjk1OTE2,True,True,23295916.0,,,2.0,[],0.0,0.0,
Scott Rutherford,Marketing,University of California Irvine Extension,1905003,1,Rating,2014-05-29 18:20:55 +0000 UTC,Y,4.0,MGMTX46145,Did not require a text book. Provided lots of handouts and reference materials. The class was very hands on.,False,2014-05-29 18:16:33 +0000 UTC,3.0,UNFLAGGED,A-,4.0,UmF0aW5nLTIzMzI3MzEz,True,True,23327313.0,,,3.0,"[{'computerId': '2C32A9B9C6AD629F526A234CFD582F8E', 'id': 'VGh1bWItNTU5NQ==', 'thumbsDown': 0, 'thumbsUp': 2}, {'computerId': '26A47C91547E7C3BD994F2A960BB40FC', 'id': 'VGh1bWItNzgzMzI5Mw==', 'thumbsDown': 0, 'thumbsUp': 1}, {'computerId': '6C22A3880550B79F2B4691A5BC4A081D', 'id': 'VGh1bWItODMwNjkzOQ==', 'thumbsDown': 0, 'thumbsUp': 1}]",0.0,4.0,
Albert Kausek,Business,University of California Irvine Extension,1935530,1,Rating,2014-11-04 22:40:16 +0000 UTC,,3.0,MGMTX4105,Weekly Discussion submissions (1 original and 2 comment on classmate's submissions) were difficult and most submissions were multipage and full of detail.  Most students had tons of Experience and Education.  Hardest Final Test I've ever taken Used all 4 hours.,False,2014-11-04 17:11:08 +0000 UTC,5.0,UNFLAGGED,Not sure yet,3.0,UmF0aW5nLTIzNzQyMTAw,True,True,23742100.0,,,3.0,[],0.0,0.0,
Kai Williamson,Law,University of California Irvine Extension,1981801,5,Rating,2023-07-17 15:25:21 +0000 UTC,mandatory,5.0,41666,She is so lovely and understanding!,False,2023-06-27 18:47:16 +0000 UTC,3.0,UNFLAGGED,,5.0,UmF0aW5nLTM4MDczMjAw,False,True,38073200.0,Participation matters--Gives good feedback--Hilarious,,-1.0,[],0.0,0.0,1.0
Kai Williamson,Law,University of California Irvine Extension,1981801,5,Rating,2022-12-01 19:35:50 +0000 UTC,mandatory,5.0,41666,"Kai Williamson is a great professor and a great person! I have taken a couple classes with her. They are structured well, the assignments are practical and give great real world examples. Kai has a fun personality and I thoroughly enjoyed her live lectures. Very personable and educated professor. ",False,2022-06-26 23:35:40 +0000 UTC,3.0,UNFLAGGED,A,5.0,UmF0aW5nLTM2NDg5MTM5,True,True,36489139.0,Amazing lectures --Caring--Online Savvy,,3.0,[],0.0,0.0,1.0
Kai Williamson,Law,University of California Irvine Extension,1981801,5,Rating,2022-07-19 20:45:03 +0000 UTC,mandatory,5.0,41666,"Very kind and professional. She is an expert in her field and will definitely make sure you know :) lol
I have had her for several courses and she is always such a joy and is very helpful. You just know she loves what she does. All in all, your effort directly translates into your success with her. You get out what you put in.",False,2022-04-02 05:11:02 +0000 UTC,3.0,UNFLAGGED,A,5.0,UmF0aW5nLTM2MDEwMjYy,True,True,36010262.0,Gives good feedback--Hilarious--Respected,,3.0,[],0.0,0.0,1.0
Kai Williamson,Law,University of California Irvine Extension,1981801,5,Rating,2015-10-02 00:26:05 +0000 UTC,mandatory,5.0,41666,"Absolutely fantastic professor! Competent in what she does and how she teaches.  Thorough and direct in what she needs from you in assignments, and gives specific feedback that is not a canned response to everyone in the class.  ",False,2015-10-02 00:21:01 +0000 UTC,1.0,UNFLAGGED,A-,5.0,UmF0aW5nLTI1MjIyOTg2,True,False,25222986.0,,,3.0,"[{'computerId': 'xclxqi9dac8u2o306efg9olw', 'id': 'VGh1bWItMzkwMjAxMjQ=', 'thumbsDown': 0, 'thumbsUp': 1}]",0.0,1.0,
Kai Williamson,Law,University of California Irvine Extension,1981801,5,Rating,2015-01-29 15:00:20 +0000 UTC,,5.0,41666,Had her for Introduction and Fundamentals online.  The assignments are pretty straight forward and there was even an opportunity for extra credit.  I would take her again.,False,2015-01-29 14:55:35 +0000 UTC,2.0,UNFLAGGED,,3.0,UmF0aW5nLTI0MzQzNzc5,True,True,24343779.0,,,4.0,"[{'computerId': '2BA5ECA4F4F56FC8BFB0B5CCB0150048', 'id': 'VGh1bWItMTYwMTAxMA==', 'thumbsDown': 0, 'thumbsUp': 1}, {'computerId': 'xclxqi9dac8u2o306efg9olw', 'id': 'VGh1bWItMzkwMjAxMjc=', 'thumbsDown': 0, 'thumbsUp': 1}]",0.0,2.0,
Audrey Myer,Law,University of California Irvine Extension,1981804,3,Rating,2016-01-17 16:18:12 +0000 UTC,,5.0,X41766,"You guys are being way too hard on Audrey. I took her last quarter and I found her class fairly straight forward and easy. If you after all these years still haven't figured out how to write an at least somewhat decent paper with simple instructions assigned with it, you shouldn't be in school. Personable, responds to emails, nice lady.",False,2016-01-16 20:26:29 +0000 UTC,2.0,UNFLAGGED,A-,5.0,UmF0aW5nLTI1OTUyMDAz,True,True,25952003.0,,,5.0,[],0.0,0.0,
Audrey Myer,Law,University of California Irvine Extension,1981804,3,Rating,2015-09-20 19:44:03 +0000 UTC,mandatory,1.0,41766,"If you must take this class, take it on-campus, and do not take it with her.  Clear as mud with directions.",False,2015-09-20 19:43:09 +0000 UTC,5.0,UNFLAGGED,F,1.0,UmF0aW5nLTI1MTk5NTcz,True,True,25199573.0,,,4.0,"[{'computerId': '1F8E0724EE342F2F2697BF526C16B226', 'id': 'VGh1bWItMjIyNTY1Nw==', 'thumbsDown': 1, 'thumbsUp': 0}]",1.0,0.0,
Audrey Myer,Law,University of California Irvine Extension,1981804,3,Rating,2015-01-29 15:02:10 +0000 UTC,,2.0,41766,Some of the assignments were confusing and the textbook did not always go along with our assignments.    ,False,2015-01-29 14:59:43 +0000 UTC,3.0,UNFLAGGED,,3.0,UmF0aW5nLTI0MzQzNzky,True,True,24343792.0,,,5.0,"[{'computerId': '1F8E0724EE342F2F2697BF526C16B226', 'id': 'VGh1bWItMTYwMTAxMw==', 'thumbsDown': 1, 'thumbsUp': 1}]",1.0,1.0,
Guy Ormes,Law,University of California Irvine Extension,1981806,2,Rating,2022-07-19 20:56:20 +0000 UTC,mandatory,3.0,40919,He was ok. Can be hard on you for what could be a genuinely honest mistake. Has been in the field a long time so can come off a bit old-fashioned.,False,2022-04-02 05:13:05 +0000 UTC,3.0,UNFLAGGED,A,3.0,UmF0aW5nLTM2MDEwMjY5,True,True,36010269.0,Tough grader--Participation matters--Lecture heavy,,3.0,[],0.0,0.0,
Guy Ormes,Law,University of California Irvine Extension,1981806,2,Rating,2015-01-29 15:03:55 +0000 UTC,,5.0,40919,Learned a ton in this class.  He made it really interesting!,False,2015-01-29 15:02:42 +0000 UTC,3.0,UNFLAGGED,,3.0,UmF0aW5nLTI0MzQzODAx,True,False,24343801.0,,,4.0,[],0.0,0.0,
Renato Izquieta,Law,University of California Irvine Extension,1981807,2,Rating,2022-07-19 20:45:03 +0000 UTC,non mandatory,5.0,47266,"He is very helpful and kind. Wants you to do well and genuinely cares for the success of his students. He is very knowledgeable in the field and is truly a professional in every regard. I have had him for 3 courses total, I wish I could have had him for every single course in the program but obviously that is impossible lol. 10/10.",False,2022-04-02 05:08:59 +0000 UTC,3.0,UNFLAGGED,A+,5.0,UmF0aW5nLTM2MDEwMjU3,True,True,36010257.0,Clear grading criteria--Gives good feedback--Lots of homework,,3.0,[],0.0,0.0,1.0
Renato Izquieta,Law,University of California Irvine Extension,1981807,2,Rating,2015-01-29 15:11:47 +0000 UTC,,4.0,47266,Really straight forward in the assignments and what is expected from you.  He really wants you to succeed in the class.  ,False,2015-01-29 15:06:39 +0000 UTC,2.0,UNFLAGGED,,5.0,UmF0aW5nLTI0MzQzODE4,True,True,24343818.0,,,5.0,"[{'computerId': '2BA5ECA4F4F56FC8BFB0B5CCB0150048', 'id': 'VGh1bWItMTYwMTAwOA==', 'thumbsDown': 0, 'thumbsUp': 1}]",0.0,1.0,
Lee Blumen,Law,University of California Irvine Extension,1981809,1,Rating,2015-01-29 15:14:21 +0000 UTC,,4.0,4732,Lee has been my favorite instructor so far.  Very helpful and tries to make the class entertaining.  Not too hard a grader.  Would definitely take again.,False,2015-01-29 15:10:43 +0000 UTC,3.0,UNFLAGGED,,5.0,UmF0aW5nLTI0MzQzODM3,True,False,24343837.0,,,5.0,"[{'computerId': '2BA5ECA4F4F56FC8BFB0B5CCB0150048', 'id': 'VGh1bWItMTYwMTAwNw==', 'thumbsDown': 0, 'thumbsUp': 1}, {'computerId': '5D20CEEBEDEA2B2658FF41E1750054CB', 'id': 'VGh1bWItMzI3NzEyNw==', 'thumbsDown': 0, 'thumbsUp': 1}]",0.0,2.0,
Katherine Slotkin,Law,University of California Irvine Extension,1981812,1,Rating,2015-01-29 15:16:42 +0000 UTC,,3.0,4731,Not the best instructor.  She was new so she was still figuring out what teaching style worked best in class.  ,False,2015-01-29 15:14:20 +0000 UTC,3.0,UNFLAGGED,,3.0,UmF0aW5nLTI0MzQzODQ2,True,False,24343846.0,,,4.0,"[{'computerId': '2BA5ECA4F4F56FC8BFB0B5CCB0150048', 'id': 'VGh1bWItMTYwMTAxOA==', 'thumbsDown': 0, 'thumbsUp': 1}]",0.0,1.0,
Maja Todorovic,Computer Science,University of California Irvine Extension,2128270,1,Rating,2016-07-07 11:00:16 +0000 UTC,mandatory,2.0,SCI460201,"From the start heavy amount of quizzes and reading from a book the wasn't on the schools curriculum. She seems to know it very well, but being it is an Intro to Programming using Java she's pretty advanced, although the class reads is for any beginner assuming they know nothing. She also doesn't quite speak in the best of English/Romanian.",False,2016-07-07 10:59:35 +0000 UTC,4.0,UNFLAGGED,Drop/Withdrawal,2.0,UmF0aW5nLTI2Nzg2NzY3,True,True,26786767.0,,,0.0,[],0.0,0.0,0.0
Amit Manghani,Computer Science,University of California Irvine Extension,2265287,2,Rating,2023-08-02 17:21:57 +0000 UTC,non mandatory,1.0,SCI42664,I took his course of a few years back and was shocked at the poor quality of teaching. Seems to regurgitate stuff without any effort to really explain concepts. Mostly parroting stuff and reading from notes. He should not be teaching courses such as this. ,False,2022-06-24 00:56:17 +0000 UTC,1.0,UNFLAGGED,A,1.0,UmF0aW5nLTM2NDg0NzIy,True,False,36484722.0,,,3.0,[],0.0,0.0,
Amit Manghani,Computer Science,University of California Irvine Extension,2265287,2,Rating,2018-06-11 17:36:27 +0000 UTC,mandatory,1.0,SCI42664,"Tedious; busy-work; parroting the lecture videos, but not any real teaching or learning going on. A lot of random internet articles are assigned reading, but the exams and assignments don't cover them. The quality of the lecture videos is bad: blurry and he didn't use his full screen when filming. Some tech issues that took him days to resolve.",False,2018-06-11 13:20:10 +0000 UTC,2.0,REVIEWED,A+,1.0,UmF0aW5nLTMwMjUyODY3,True,True,30252867.0,Get ready to read--Participation matters--Clear grading criteria,,0.0,[],0.0,0.0,0.0
Amit Manghani,Computer Science,University of California Irvine Extension,2265287,2,Rating,2017-06-10 18:12:32 +0000 UTC,,2.0,ICSCIX42660,"This online class has about 3 recorded videos for week. Its obvious that the instructor is reading from a book, and the reading is very difficult to follow. It's choppy, discontiguous, and recycled for the past 4 years. The lab exercises are from older versions of the software and do not work properly with the newer versions. Very frustrating",False,2017-06-10 18:10:27 +0000 UTC,2.0,UNFLAGGED,A-,2.0,UmF0aW5nLTI4NDQxNjIx,True,True,28441621.0,,,5.0,[],0.0,0.0,0.0
Bob Nisbet,Information Science,University of California Irvine Extension,2341083,1,Rating,2020-06-14 03:44:00 +0000 UTC,,1.0,X42563,The course required you to buy his book which was expensive. There are 4 assignments which are not factored into the point value for the course and yet two reports which are graded harshly even after following all the instructions. No rubric - points are taken off at random.,False,2020-06-14 03:26:54 +0000 UTC,5.0,UNFLAGGED,,1.0,UmF0aW5nLTMzNDM0MTE0,True,True,33434114.0,,,5.0,[],0.0,0.0,0.0
William Henry,Computer Science,University of California Irvine Extension,2384511,1,Rating,2018-06-11 17:26:00 +0000 UTC,mandatory,5.0,SCI26464,Great instructor! Good at explaining things so that students actually learn! He also gives info for the different levels of students: those with programming background and those without so he keeps interest for all. Assignments make you think.,False,2018-06-11 13:24:10 +0000 UTC,3.0,UNFLAGGED,A,5.0,UmF0aW5nLTMwMjUyODc5,True,True,30252879.0,Gives good feedback--Participation matters--ACCESSIBLE OUTSIDE CLASS,,0.0,[],0.0,0.0,1.0
Charless Fowlkes,Computer Science,University of California Irvine Extension,1785310,11,Rating,2023-11-15 09:34:19 +0000 UTC,non mandatory,5.0,CS116,"I took both his CS 116 and 117. I would say his 116 was a lot more fun (and less frustrating), but both had pretty cool results. Both classes are pretty much only graded on a few assignments and a project for 117, so discussing with other people in the class is needed. Overall both courses are good but I would highly recommend 116 over 117.",False,2023-11-15 09:33:58 +0000 UTC,4.0,UNFLAGGED,A,5.0,UmF0aW5nLTM4Mzk1Mjk5,True,False,38395299.0,Clear grading criteria--Caring--Graded by few things,,-1.0,[],0.0,0.0,1.0
Charless Fowlkes,Computer Science,University of California Irvine Extension,1785310,11,Rating,2023-05-16 00:12:03 +0000 UTC,non mandatory,2.0,CS116,"There are just 5 assignments and each worth 20% of your grade. if you messed up one of them, the possibly you fail the class is high. The lectures are helpful just for the small part of the assignment. The TAs know nothing and they just look at the answer of the assignment to answer any question and grade your assignment.",False,2023-03-13 22:33:57 +0000 UTC,4.0,UNFLAGGED,Not sure yet,2.0,UmF0aW5nLTM3NTAyNDcw,True,False,37502470.0,Get ready to read--Lots of homework--Graded by few things,,3.0,"[{'computerId': 'ehYkddrv2b-20230916', 'id': 'VGh1bWItNTE5NDc3MDg=', 'thumbsDown': 0, 'thumbsUp': 1}]",0.0,1.0,
Charless Fowlkes,Computer Science,University of California Irvine Extension,1785310,11,Rating,2023-04-21 18:52:04 +0000 UTC,non mandatory,2.0,CS116,His homework is complicated. Avoid him if you are not particularly interested in computer graphics.,False,2023-02-27 04:21:54 +0000 UTC,5.0,UNFLAGGED,Not sure yet,2.0,UmF0aW5nLTM3NDYwNTM4,True,False,37460538.0,,,3.0,[],0.0,0.0,
Charless Fowlkes,Computer Science,University of California Irvine Extension,1785310,11,Rating,2023-05-01 05:02:22 +0000 UTC,non mandatory,2.0,CS116,"The lectures are nice to hear, but you have to have a strong foundation using python, numpy, data structures, and image processing. And the lectures are not helpful for the projects. You only have a week and 2 days to complete a very difficult project.",False,2023-02-09 03:57:49 +0000 UTC,5.0,UNFLAGGED,Not sure yet,2.0,UmF0aW5nLTM3NDE5MTA0,True,False,37419104.0,Clear grading criteria--Lots of homework,,-1.0,[],0.0,0.0,
Charless Fowlkes,Computer Science,University of California Irvine Extension,1785310,11,Rating,2020-02-12 21:56:44 +0000 UTC,non mandatory,1.0,CS117,"I've taken 116 &amp; 117. Originally I thought the problem was with me, and granted I am not great at this stuff, but after both classes I realize he is not a great prof. He just reads off of slides, and you gain nothing from them. HE NEEDS TO START LIVECODING. For now, u get nothing and spend eternity on his projects. He is smart, but cant convey info",False,2020-02-12 21:55:16 +0000 UTC,3.0,UNFLAGGED,,1.0,UmF0aW5nLTMyOTA2NzY1,True,False,32906765.0,,,5.0,"[{'computerId': '', 'id': 'VGh1bWItNDkyNjI1MzI=', 'thumbsDown': 0, 'thumbsUp': 1}]",0.0,1.0,0.0
Charless Fowlkes,Computer Science,University of California Irvine Extension,1785310,11,Rating,2019-06-01 01:52:18 +0000 UTC,non mandatory,2.0,CS117,I think I just wasn't talented in this field. I found this class to be very difficult. Hardly any resources and piazza wasn't very responsive. Yet the average was an A. The book doesn't go into detail for what you need to know to implement. I don't recommend if you're new to this. I think there should be a prereq for this course.,False,2019-06-01 01:42:03 +0000 UTC,5.0,UNFLAGGED,C,2.0,UmF0aW5nLTMxOTgyODIz,True,False,31982823.0,Lots of homework--Get ready to read--Tough grader,,5.0,"[{'computerId': '', 'id': 'VGh1bWItNDkyNjI1MzE=', 'thumbsDown': 0, 'thumbsUp': 1}]",0.0,1.0,0.0
Charless Fowlkes,Computer Science,University of California Irvine Extension,1785310,11,Rating,2018-05-22 05:12:40 +0000 UTC,non mandatory,5.0,CS116,Amazing professor. Classes are mostly project based and graded very fairly. Grading is clear and the teacher seems passionate about his work. Learn Matlab. Not boring and very nice. Approachable and friendly. Uses piazza and gives extra credit for each assignment if turned in a day early. I wish more teachers were like him. Overall amazing prof.,False,2018-05-14 13:32:56 +0000 UTC,3.0,UNFLAGGED,A,5.0,UmF0aW5nLTMwMTAwMTg4,True,False,30100188.0,Respected--ACCESSIBLE OUTSIDE CLASS--Clear grading criteria,,5.0,"[{'computerId': 'lvq976lv34ybs1o7zh9jdh2t', 'id': 'VGh1bWItNDE1MDc5NDM=', 'thumbsDown': 0, 'thumbsUp': 1}, {'computerId': '19B105F8BB8298803B3A798A1278183A', 'id': 'VGh1bWItNDYzNzcwNTQ=', 'thumbsDown': 0, 'thumbsUp': 1}, {'computerId': 'b0d13255-5dcf-53df-b0ee-8721a054e127', 'id': 'VGh1bWItNDc5Nzg3MDI=', 'thumbsDown': 0, 'thumbsUp': 1}, {'computerId': '', 'id': 'VGh1bWItNDkyNjI1MzA=', 'thumbsDown': 0, 'thumbsUp': 0}]",0.0,3.0,1.0
Charless Fowlkes,Computer Science,University of California Irvine Extension,1785310,11,Rating,2018-04-03 02:56:55 +0000 UTC,,5.0,CS116,"He's really helpful on piazza and the skeleton code for assignments is good. 80% of grade is code, with extra credit for turning in early. However, there can be minor bugs in the skeleton code, so make sure you understand the code and get good at debugging images. Final is open notes with a study guide, but the trick is finding the answers.",False,2018-04-02 22:49:44 +0000 UTC,2.0,UNFLAGGED,A,5.0,UmF0aW5nLTI5NzMwOTUx,True,False,29730951.0,ACCESSIBLE OUTSIDE CLASS--Amazing lectures--EXTRA CREDIT,,0.0,"[{'computerId': '197pqwxg1ankczbgxlql21xvm', 'id': 'VGh1bWItMzk5NjY4NjQ=', 'thumbsDown': 0, 'thumbsUp': 1}, {'computerId': '1gfbl7hfb4u537wzzg4dz4l8f', 'id': 'VGh1bWItNDAxMTY4NTY=', 'thumbsDown': 0, 'thumbsUp': 1}, {'computerId': 'xckbvb23af421k430609btk5o', 'id': 'VGh1bWItNDI2NTM1OTA=', 'thumbsDown': 1, 'thumbsUp': 0}, {'computerId': '', 'id': 'VGh1bWItNDkyNjI1Mjk=', 'thumbsDown': 0, 'thumbsUp': 0}]",1.0,2.0,1.0
Charless Fowlkes,Computer Science,University of California Irvine Extension,1785310,11,Rating,2018-03-09 18:39:47 +0000 UTC,non mandatory,5.0,CS116,"one of the best professors I have met, give good lectures and full of enthusiasm.",False,2018-03-09 13:20:44 +0000 UTC,1.0,UNFLAGGED,A,5.0,UmF0aW5nLTI5NjM4MjU4,True,False,29638258.0,Gives good feedback--Respected--GROUP PROJECTS,,5.0,"[{'computerId': 'hh97t5ovq87k1k5etrqjn2gpt', 'id': 'VGh1bWItMzkwMzE1NjQ=', 'thumbsDown': 0, 'thumbsUp': 1}, {'computerId': '197pqwxg1ankczbgxlql21xvm', 'id': 'VGh1bWItMzk5NjY4NjA=', 'thumbsDown': 0, 'thumbsUp': 1}, {'computerId': '1gfbl7hfb4u537wzzg4dz4l8f', 'id': 'VGh1bWItNDAxMTY4NTQ=', 'thumbsDown': 0, 'thumbsUp': 1}, {'computerId': '', 'id': 'VGh1bWItNDkyNjI1MzM=', 'thumbsDown': 0, 'thumbsUp': 0}]",0.0,3.0,1.0
Charless Fowlkes,Computer Science,University of California Irvine Extension,1785310,11,Rating,2017-04-02 19:10:51 +0000 UTC,non mandatory,3.0,CS116,This class was very interesting but the slides were not helpful unless you went to class. 80% of grade came from projects in Matlab so be ready. He doest really explain how to use it so your on your own and will have to read a lot of documentation. Doesnt drop grade nor give extensions. It's helpful though he answers questions quickly in Piazza.,False,2017-04-02 19:05:56 +0000 UTC,4.0,UNFLAGGED,,3.0,UmF0aW5nLTI3OTgyMTg3,False,False,27982187.0,Skip class? You won't pass.--LECTURE HEAVY,,0.0,"[{'computerId': 'pfp26bzpxslwp2sv7owze7ql', 'id': 'VGh1bWItMzg2MTg5MjE=', 'thumbsDown': 0, 'thumbsUp': 1}, {'computerId': '1agie6bjrnpy614aq9d0hllc7l', 'id': 'VGh1bWItMzg4OTcyNTU=', 'thumbsDown': 0, 'thumbsUp': 1}, {'computerId': '197pqwxg1ankczbgxlql21xvm', 'id': 'VGh1bWItMzk5NjY4NzI=', 'thumbsDown': 1, 'thumbsUp': 0}, {'computerId': '1vhnofa5qqn8ylxzao7clx7op', 'id': 'VGh1bWItNDI3NTA3NzM=', 'thumbsDown': 1, 'thumbsUp': 0}, {'computerId': '', 'id': 'VGh1bWItNTA0NTg3NjA=', 'thumbsDown': 0, 'thumbsUp': 1}]",2.0,3.0,0.0
Charless Fowlkes,Computer Science,University of California Irvine Extension,1785310,11,Rating,2015-06-08 22:46:30 +0000 UTC,,5.0,216,Best professor ever! I really enjoyed his class.  Hard materials seem very easy when he teaches them! Because he has understood them very deep and he is great in explaining something.,False,2015-06-08 22:28:52 +0000 UTC,1.0,UNFLAGGED,,5.0,UmF0aW5nLTI0OTQ4NzI3,True,False,24948727.0,,,1.0,"[{'computerId': 'EF442BF8D55BBA567400795637E11784', 'id': 'VGh1bWItMjMwNzc2Ng==', 'thumbsDown': 0, 'thumbsUp': 1}, {'computerId': 'EFD6041444A9F3CC19AD110690B1E51C', 'id': 'VGh1bWItMzE1NzE1MA==', 'thumbsDown': 0, 'thumbsUp': 1}, {'computerId': '6A9D94CF454C8EE794BF797602DA1DAE', 'id': 'VGh1bWItNTQxNjAwOQ==', 'thumbsDown': 0, 'thumbsUp': 1}, {'computerId': '90D2BA34E495CBAD40C8BBE12985D20A', 'id': 'VGh1bWItNTYyNDcyMQ==', 'thumbsDown': 0, 'thumbsUp': 1}, {'computerId': 'AE275FCD0DC845B3F8E8F1AB280C93FC', 'id': 'VGh1bWItNTYyNDcyMg==', 'thumbsDown': 0, 'thumbsUp': 1}, {'computerId': 'ac43lubap1ktgsmork2ygq4g', 'id': 'VGh1bWItMTAwMjA2Mzg=', 'thumbsDown': 1, 'thumbsUp': 0}, {'computerId': '197pqwxg1ankczbgxlql21xvm', 'id': 'VGh1bWItMzk5NjY4NzU=', 'thumbsDown': 0, 'thumbsUp': 1}]",1.0,5.0,
Juan Rubio,Humanities,University of California Irvine Extension,2776532,1,Rating,2022-03-23 15:51:40 +0000 UTC,mandatory,2.0,HUM1BS,"Professor Rubio does not provide any slides for visual aid, so all you get is a vague flowchart of broad topics that are connected to each other (Ex: Llama: Religious) to study for the midterm and final. Provides minimal feedback on essay writing and offers office hours 1:00/2:00 PM as an alternative, which is difficult when deadlines are 11:59 AM.",False,2022-03-02 01:49:42 +0000 UTC,3.0,UNFLAGGED,,2.0,UmF0aW5nLTM1ODk0OTM1,True,False,35894935.0,Graded by few things--Lecture heavy--Tough grader,,0.0,[],0.0,0.0,0.0
Lauren King,Writing,University of California Irvine Extension,2777109,3,Rating,2023-07-30 16:18:40 +0000 UTC,mandatory,5.0,Writing39B,The only professor who makes me hate writing a little less. Shows so much care and seems to love what she's doing. Provides great feedback in class and during office hours. Definitely recommend. ,False,2023-06-06 22:44:32 +0000 UTC,3.0,UNFLAGGED,Not sure yet,5.0,UmF0aW5nLTM4MDI2NjIz,True,False,38026623.0,Participation matters--Caring--Accessible outside class,,3.0,[],0.0,0.0,1.0
Lauren King,Writing,University of California Irvine Extension,2777109,3,Rating,2022-09-12 21:46:12 +0000 UTC,mandatory,5.0,Writing39B,"Overall a very solid professor! The course itself is a little bit of a load with little assignments due every day there is a class along with a good amount of readings, but that's expected out of a writing class. Beyond that, she gives helpful feedback and points you in the right direction with every peer review and draft for our major essays.",False,2022-04-25 20:27:43 +0000 UTC,2.0,UNFLAGGED,B+,5.0,UmF0aW5nLTM2MTQ5NDk5,True,False,36149499.0,Get ready to read--Clear grading criteria--Accessible outside class,,3.0,[],0.0,0.0,1.0
Lauren King,Writing,University of California Irvine Extension,2777109,3,Rating,2022-03-29 23:26:15 +0000 UTC,mandatory,5.0,Writing39B,"Professor King is probably the kindest writing professor out there! I suck at writing, yet I passed the class with an A. The readings aren't that bad and the papers are fairly easy. She's an easy grader and her rubrics are pretty straightforward. Do consider taking her, she's really understanding and truly shows that she cares for her students!",False,2022-03-29 21:41:49 +0000 UTC,1.0,UNFLAGGED,A,5.0,UmF0aW5nLTM1OTkyMjkx,True,False,35992291.0,Clear grading criteria--Gives good feedback--Caring,,3.0,[],0.0,0.0,1.0
Zina Giannopoulu,Humanities,University of California Irvine Extension,2831845,1,Rating,2023-01-16 21:58:02 +0000 UTC,,5.0,27800,"I leave every one of her lectures awe-inspired. She is absolutely brilliant and insightful, and approaches her lectures with such charming wit and engaging wisdom; I see so much of the material I thought I'd known through and through become even more meaningful through her analyses. I cannot recommend her enough, and hope to learn more from her.",False,2022-10-18 17:35:18 +0000 UTC,3.0,UNFLAGGED,,5.0,UmF0aW5nLTM2NzExNDYy,True,False,36711462.0,Get ready to read--Amazing lectures --Inspirational,,3.0,[],0.0,0.0,1.0
Shijun Xia,Accounting,University of California Irvine Extension,2837403,1,Rating,2022-11-03 15:26:23 +0000 UTC,mandatory,5.0,MGMT131B,"Tony is the best young accounting teacher I have ever had.His lectures were really clear, well-organized, and easy to understand; exams were based on lectures. You have to study to pass this class, but he definitely made
these classes interesting. He is a truly inspiring and caring teacher.If I could take him for all my accounting courses,I would.
",False,2022-11-01 17:18:55 +0000 UTC,3.0,UNFLAGGED,A+,5.0,UmF0aW5nLTM2NzYxMTg2,True,True,36761186.0,EXTRA CREDIT--Inspirational--Caring,,3.0,[],0.0,0.0,1.0
Anthony  Triola,Criminal Justice,University of California Irvine Extension,2848954,1,Rating,2023-12-01 05:55:21 +0000 UTC,non mandatory,5.0,C10,"Great Professor, one of the most engaging and interesting professors I've had. Lectures are very entertaining and in class discussion are great as well. Very easy work load and does not grade too hard. Overall very understanding since the class is asynchronous. No midterm just weekly discussion boards and one final paper. ",False,2023-12-01 05:55:03 +0000 UTC,1.0,UNFLAGGED,,5.0,UmF0aW5nLTM4NDgzMzE1,True,False,38483315.0,Participation matters--Amazing lectures --Caring,,-1.0,[],0.0,0.0,1.0
Joseph  Lewis ,Fine Arts,University of California Irvine Extension,2856840,1,Rating,2023-02-26 23:22:26 +0000 UTC,non mandatory,2.0,ART9C,"Took ART9C (asynchronous). First B in college. Course made up of 4 quizzes and each lecture video has a question about it worth 4 points. Did the readings+watched lectures, yet he consistently had questions that were not discussed. Would not take again. Too many nit-picky facts asked about, like quotes. Did not learn any broad concepts.",False,2022-12-06 20:25:03 +0000 UTC,4.0,UNFLAGGED,B,2.0,UmF0aW5nLTM2OTkyNjMz,True,True,36992633.0,Tough grader--Beware of pop quizzes--Lecture heavy,,-1.0,[],0.0,0.0,
Yin-Ting Liao ,Mathematics,University of California Irvine Extension,2875684,1,Rating,2023-04-04 17:05:48 +0000 UTC,non mandatory,4.0,MATH2B,"I really enjoyed the Prof. as a person! He was kind, funny, and knows his stuff! The only cons were that sometimes his writing was too small to see or his explanations were brief. Math 2B is an extremely difficult course so OFFICE HOURS!! He definitely knows what he's doing!! My quarter ended with a curve, my average was a C-, ended up with B-!",False,2023-03-23 05:23:27 +0000 UTC,5.0,UNFLAGGED,B-,4.0,UmF0aW5nLTM3NTMxNzkw,True,False,37531790.0,Lecture heavy,,3.0,[],0.0,0.0,1.0
David  Schaefer,Sociology,University of California Irvine Extension,2881737,2,Rating,2023-04-23 19:09:40 +0000 UTC,non mandatory,5.0,ANTHRO10B,"Super caring and genuinely wants students to succeed. This class was easier (imo) than 10A, unless you are not so great with computers. We do use R software frequently and is required at some point for homework. Occasionally uses Poll Everywhere for attendance. He makes statistics easy to understand. Highly recommend.",False,2023-02-28 23:57:45 +0000 UTC,3.0,UNFLAGGED,Not sure yet,5.0,UmF0aW5nLTM3NDY2Njk5,True,False,37466699.0,Gives good feedback--Caring--Accessible outside class,,3.0,[],0.0,0.0,1.0
David  Schaefer,Sociology,University of California Irvine Extension,2881737,2,Rating,2023-05-01 14:26:37 +0000 UTC,non mandatory,5.0,SOC10B,"I had Dr. Schaefer for Soc 10B (Stats) and I've never succeeded in a math course like I have in this one. I am NOT a math person, I've always barely passed my past math classes. Dr. Schaefer had lectures that explained the concepts clearly, gave plenty of examples, and provided lecture slides showing step-by-step examples. 10/10 would recommend.",False,2023-02-14 20:56:07 +0000 UTC,2.0,UNFLAGGED,A,5.0,UmF0aW5nLTM3NDMxNzYx,True,False,37431761.0,Amazing lectures --Caring--Accessible outside class,,-1.0,[],0.0,0.0,1.0
Geoffrey Pope,Music,University of California Irvine Extension,2890265,1,Rating,2023-03-31 22:20:45 +0000 UTC,mandatory,4.0,MUSIC160,"Pope is a very gentle and caring conductor to his ensemble students. I feel he could be more deliberate in terms of what he wants out of the music, rather than letting the ensemble do its own thing. He is open to suggestions though, as the film music he has worked on was very fun to play. Overall, he is a great conductor for the UCI Symphony.",False,2023-03-25 19:06:36 +0000 UTC,3.0,REVIEWED,A,4.0,UmF0aW5nLTM3NTQwMjAy,True,False,37540202.0,Participation matters--Caring--Accessible outside class,,-1.0,[],0.0,0.0,1.0
Chris Martinez,Biology,University of California Irvine Extension,2890375,1,Rating,2023-12-18 06:54:08 +0000 UTC,mandatory,4.0,E132,"Interesting class, Professor Martinez is extremely passionate and it shows. However, the content of is dense and his slides are long. He doesn't curve exams, but the questions are simple true/false, multiple choice, ",False,2023-12-18 06:53:54 +0000 UTC,3.0,UNFLAGGED,B-,4.0,UmF0aW5nLTM4NzI1MDU5,True,False,38725059.0,Graded by few things--Accessible outside class,,-1.0,[],0.0,0.0,1.0
Haonan Zhang,Mathematics,University of California Irvine Extension,2890703,3,Rating,2023-07-13 20:36:02 +0000 UTC,non mandatory,5.0,MATH3D,"He's the best Math prof I've ever taken at UCI. His midterm and final are pretty much the same as homeworks and practice exams, which are pretty easy if you read through the notes he posted right after each lecture. Don't hesitate, take him!",False,2023-06-23 22:15:52 +0000 UTC,4.0,UNFLAGGED,A+,5.0,UmF0aW5nLTM4MDY2MTA1,True,False,38066105.0,EXTRA CREDIT--Clear grading criteria--Caring,,3.0,[],0.0,0.0,1.0
Haonan Zhang,Mathematics,University of California Irvine Extension,2890703,3,Rating,2023-04-30 21:21:52 +0000 UTC,non mandatory,3.0,MATH3D,"Practice exams and actual exams are very similar. He is a boring lecturer but lectures aren't mandatory. He is a pretty nice guy though and does listen to feedback. Overall, a good class.",False,2023-04-01 06:06:51 +0000 UTC,3.0,UNFLAGGED,B+,3.0,UmF0aW5nLTM3NTY3NjQ0,True,False,37567644.0,Clear grading criteria,,3.0,[],0.0,0.0,1.0
Haonan Zhang,Mathematics,University of California Irvine Extension,2890703,3,Rating,2023-05-10 23:58:19 +0000 UTC,non mandatory,5.0,MATH3D,"his midterm & final were very similar to the homework, practice midterm/final, and examples given in lecture. he posts his lecture notes on canvas immediately after each class, and responds to emails quickly. lectures clearly but covers material very fast, which is understandable because there is a lot to cover. very fair grader, highly recommend!",False,2023-03-27 21:10:12 +0000 UTC,3.0,UNFLAGGED,A,5.0,UmF0aW5nLTM3NTQ2MzY5,True,False,37546369.0,Clear grading criteria--Caring--Respected,,3.0,"[{'computerId': 'lOTIRUUnGt-20230613', 'id': 'VGh1bWItNTE0MTA5NTc=', 'thumbsDown': 0, 'thumbsUp': 1}]",0.0,1.0,1.0
Yiyue Zhang,Mathematics,University of California Irvine Extension,2909495,1,Rating,2023-08-19 21:17:07 +0000 UTC,non mandatory,1.0,3A,"Bro is a literal NPC, so hard to understand this dude, and gets mad when you ask questions, tbh dont even go to lecture, no value provided ",False,2023-05-11 17:49:42 +0000 UTC,5.0,UNFLAGGED,Not sure yet,1.0,UmF0aW5nLTM3ODk4Njc4,True,False,37898678.0,Clear grading criteria--Test heavy--Graded by few things,,-1.0,"[{'computerId': 'oHxz98JFz5-20231121', 'id': 'VGh1bWItNTIxMjAzNjE=', 'thumbsDown': 0, 'thumbsUp': 1}, {'computerId': 'RUMR96jIYF-20231206', 'id': 'VGh1bWItNTIxOTc3NDI=', 'thumbsDown': 0, 'thumbsUp': 1}]",0.0,2.0,
Amirfarshad  Bahrehbakhsh,Physics,University of California Irvine Extension,2916126,2,Rating,2023-12-20 00:46:12 +0000 UTC,non mandatory,3.0,PHYSICS3A,"He's a great professor because you can tell he cares about his student and offered about 12% worth of extra credit to the course. However, lectures were terrible. Lectures are not in a powerpoint, but pre-written on a document in his own handwriting (that is hard to read). I also felt like lecture content didn't accurately prepare us for exams.",False,2023-12-20 00:45:53 +0000 UTC,5.0,UNFLAGGED,A-,3.0,UmF0aW5nLTM4NzQ5MDM3,True,False,38749037.0,EXTRA CREDIT--Lecture heavy--Test heavy,,3.0,[],0.0,0.0,1.0
Amirfarshad  Bahrehbakhsh,Physics,University of California Irvine Extension,2916126,2,Rating,2023-06-14 15:32:02 +0000 UTC,non mandatory,5.0,PHYSICS3C,"lectures are really good despite first impressions. he goes over the problems in lecture that you can see on tests. does quick derivations of some extra ""shortcut"" formulas that r really helpful. makes the class laugh

VERY EASY TESTS; gives a lot of info about problems you could expect

he also says ""law"" and ""compass"" funny",False,2023-06-14 05:44:26 +0000 UTC,3.0,UNFLAGGED,A,5.0,UmF0aW5nLTM4MDQzOTA2,True,False,38043906.0,Hilarious--Graded by few things--Online Savvy,,-1.0,[],0.0,0.0,1.0
Christopher Halbrook,Biology,University of California Irvine Extension,2840117,4,Rating,2023-06-25 00:34:48 +0000 UTC,non mandatory,1.0,bio99,"no official curve, but in the set grading scale ~80% = A. discussions useless but are required (easy points). no final, just another midterm: 2 for Tinoco, 2 for Halbrook. 1 will be dropped. 1h20m class, lectured for like 40. A joke. Secure Tinocos portion of the class, do decent on 1st Halbrook exam, then stop showing up to lectures/drop final. ",False,2023-06-23 19:22:29 +0000 UTC,3.0,UNFLAGGED,A,1.0,UmF0aW5nLTM4MDY1NzM0,True,False,38065734.0,Clear grading criteria--Test heavy,,-1.0,[],0.0,0.0,
Christopher Halbrook,Biology,University of California Irvine Extension,2840117,4,Rating,2023-05-18 22:54:56 +0000 UTC,non mandatory,4.0,Bio98,"I liked that he was a strightfoward guy and I knew what to expect on the test. The final was super easy. There was not much of a curve though. Lecutres are maybe 30 min max, but I liked that he did not go on tangents and just told us what we needed to know. Cant deny that he is clear and a fair professor. ",False,2023-04-03 18:19:23 +0000 UTC,2.0,UNFLAGGED,B+,4.0,UmF0aW5nLTM3NTc0MTU3,True,False,37574157.0,Graded by few things,,-1.0,[],0.0,0.0,1.0
Christopher Halbrook,Biology,University of California Irvine Extension,2840117,4,Rating,2023-05-18 23:38:58 +0000 UTC,non mandatory,1.0,Bio98,"Lectures are fast (nice), but the final had no curve when it is 42% of your grade. In discussion the leaders taught material that didn't show up. Practice final exams were not similar to the real exam. Used content from old professor. They also hid that they weren't curving until grades were already released. Textbook useless, discussion mandatory",False,2023-03-31 05:11:21 +0000 UTC,3.0,UNFLAGGED,C+,1.0,UmF0aW5nLTM3NTYzODg3,True,False,37563887.0,Tough grader--Test heavy--Graded by few things,,-1.0,[],0.0,0.0,
Christopher Halbrook,Biology,University of California Irvine Extension,2840117,4,Rating,2023-05-18 23:24:37 +0000 UTC,,1.0,Bio98,Negative curve. Not clear on what to focus on. Very surprised by the reviews before this because I did not have that same experience.,False,2023-03-31 04:15:45 +0000 UTC,5.0,UNFLAGGED,D-,1.0,UmF0aW5nLTM3NTYzNzA5,True,False,37563709.0,Tough grader--Graded by few things,,3.0,[],0.0,0.0,
Hank Rogers,Business,University of California Irvine Extension,1582715,1,Rating,2011-05-19 06:29:16 +0000 UTC,,2.0,MGMTX410,"unfortunately, i didn't find that he teaches well.  i learned nothing; i left the class without an understanding how Descriptive Statistics relates to Six Sigma projects.  basically, he told us to click this, click that and never explained exactly what we were doing and why.  but hey, even though i learned nothing, he gave me an A.",False,2011-05-19 02:49:29 +0000 UTC,1.0,UNFLAGGED,,1.0,UmF0aW5nLTE4NjMyMDIz,False,False,18632023.0,,,3.0,"[{'computerId': '0B24B951E9FA53B28306C4A48921DC83', 'id': 'VGh1bWItNjIyODY0Mg==', 'thumbsDown': 1, 'thumbsUp': 0}]",1.0,0.0,
Kimberly Edwards,Chemistry,University of California Irvine Extension,2889593,5,Rating,2023-07-12 19:52:04 +0000 UTC,mandatory,1.0,Chem1LD,"(CHEM 1C) This entire class was terrible. I got the most stressed in my life over Gatorade. The grading makes no sense and I gave up trying to understand it at week 2. I thought I was going to get a C but surprisingly I got an A. Just show up to lab prepared, don't slack on the lab reports, and understand what's going on and you should be good.",False,2023-06-23 10:55:59 +0000 UTC,4.0,UNFLAGGED,A,1.0,UmF0aW5nLTM4MDY1MDU3,True,False,38065057.0,Tough grader,,-1.0,[],0.0,0.0,
Kimberly Edwards,Chemistry,University of California Irvine Extension,2889593,5,Rating,2023-08-26 18:06:30 +0000 UTC,mandatory,1.0,Chem1LD,Do not take this class,False,2023-05-16 02:59:57 +0000 UTC,5.0,UNFLAGGED,Incomplete,1.0,UmF0aW5nLTM3OTMyNzIy,True,False,37932722.0,Tough grader--Participation matters--Group projects,,-1.0,[],0.0,0.0,
Kimberly Edwards,Chemistry,University of California Irvine Extension,2889593,5,Rating,2023-07-24 15:39:20 +0000 UTC,mandatory,1.0,Chem1LD,Worst grading system to have possibly ever been created,False,2023-05-15 02:05:41 +0000 UTC,5.0,UNFLAGGED,Incomplete,1.0,UmF0aW5nLTM3OTIzMzQ1,True,False,37923345.0,,,-1.0,[],0.0,0.0,
Kimberly Edwards,Chemistry,University of California Irvine Extension,2889593,5,Rating,2023-04-24 00:26:26 +0000 UTC,mandatory,1.0,Chem1LD,"if you have the option to not take her, don't. ",False,2023-04-21 00:13:55 +0000 UTC,5.0,UNFLAGGED,Not sure yet,1.0,UmF0aW5nLTM3Njc5MzA3,True,False,37679307.0,Tough grader--Participation matters--Lots of homework,,3.0,[],0.0,0.0,
Kimberly Edwards,Chemistry,University of California Irvine Extension,2889593,5,Rating,2023-05-13 20:10:24 +0000 UTC,mandatory,1.0,Chem1LD,Professor Edwards does not care that her students are struggling. The TAs teach the class and she deliberately tells them to grade harshly. Her rubrics are very general but we are expected to earn points based on specific topics. This class is only three units yet it requires the effort of one or two classes.,False,2023-03-29 00:48:42 +0000 UTC,5.0,UNFLAGGED,A,1.0,UmF0aW5nLTM3NTUyNTY4,True,False,37552568.0,Tough grader,,-1.0,[],0.0,0.0,
Francis White,Mathematics,University of California Irvine Extension,2924151,1,Rating,2023-12-19 22:20:49 +0000 UTC,non mandatory,2.0,Math2A,"He goes through a few example problems during lectures, which is somewhat similar to the homework problems he gives us. Hw is once a week due at midnight. There are quizzes every discussion, lowest gets dropped. Majority of the time, you have to self teach yourself or go to office hours because problems become complicated. ",False,2023-12-19 22:20:44 +0000 UTC,3.0,UNFLAGGED,Rather not say,2.0,UmF0aW5nLTM4NzQ3MTU2,True,False,38747156.0,,,3.0,[],0.0,0.0,
Ryan Barrett,Chemistry,University of California Irvine Extension,2906286,8,Rating,2023-07-30 05:23:50 +0000 UTC,mandatory,5.0,51A,TAKE HIM,False,2023-07-30 05:23:31 +0000 UTC,1.0,UNFLAGGED,A+,5.0,UmF0aW5nLTM4MTMxNTAw,True,False,38131500.0,,,3.0,"[{'computerId': 'dI2yXXJwHI-20230410', 'id': 'VGh1bWItNTE4MjQxNjc=', 'thumbsDown': 0, 'thumbsUp': 1}]",0.0,1.0,1.0
Ryan Barrett,Chemistry,University of California Irvine Extension,2906286,8,Rating,2023-07-17 20:39:04 +0000 UTC,non mandatory,1.0,51A,I found lectures to be very unhelpful and stopped attending after the first midterm. I turned to better resources such as Chad's Prep and even paid for the subscription as it was clear my tuition wasn't going to good professors. He means well but honestly does not teach clearly and his lectures are more confusing than helpful.  Get ready to teach.,False,2023-06-28 05:11:46 +0000 UTC,5.0,UNFLAGGED,B,1.0,UmF0aW5nLTM4MDc0Njkx,True,False,38074691.0,Tough grader--Get ready to read--Test heavy,,3.0,[],0.0,0.0,
Ryan Barrett,Chemistry,University of California Irvine Extension,2906286,8,Rating,2023-09-06 15:55:39 +0000 UTC,non mandatory,1.0,51A,"No prepared lecture slides, also tends to word-vomit and expects us to understand. He knowingly makes learning hard for students and yet is condescending when people ask for help. The discussions, TAs, and online resources (Chad's Prep, OChem tutor, etc) carried many students through this class. Luckily practice exams are similar to actual exams.",False,2023-06-20 21:48:55 +0000 UTC,5.0,UNFLAGGED,B-,1.0,UmF0aW5nLTM4MDU4NTkw,True,False,38058590.0,Tough grader--Test heavy--Graded by few things,,-1.0,[],0.0,0.0,
Ryan Barrett,Chemistry,University of California Irvine Extension,2906286,8,Rating,2023-07-20 20:02:46 +0000 UTC,non mandatory,5.0,51A,"Very hard class no doubt, if you put in the effort and reach out for help when needed(office hours, etc ) it is very manageable. I understand all comments against the professor but the class turned on him after our first midterm (the average was low), instead of rising up to the challenge people have flamed the professor and not put in the effort.",False,2023-06-20 03:32:20 +0000 UTC,5.0,UNFLAGGED,A,5.0,UmF0aW5nLTM4MDU2NzY2,True,False,38056766.0,Tough grader--Clear grading criteria--Test heavy,,3.0,"[{'computerId': 'dI2yXXJwHI-20230410', 'id': 'VGh1bWItNTE0NjIwNTM=', 'thumbsDown': 0, 'thumbsUp': 1}, {'computerId': 'GVCtWkR_2R-20230620', 'id': 'VGh1bWItNTE0NjQwMjI=', 'thumbsDown': 1, 'thumbsUp': 0}, {'computerId': 'NK3YJu2aJC-20230625', 'id': 'VGh1bWItNTE1MDA0MDQ=', 'thumbsDown': 1, 'thumbsUp': 0}, {'computerId': 'PSNE4n2OzD-20230515', 'id': 'VGh1bWItNTE1MDMwNTU=', 'thumbsDown': 1, 'thumbsUp': 0}, {'computerId': 'E7sO5R_0pZ-20230629', 'id': 'VGh1bWItNTE1MzQ3NDM=', 'thumbsDown': 0, 'thumbsUp': 1}]",3.0,2.0,1.0
Ryan Barrett,Chemistry,University of California Irvine Extension,2906286,8,Rating,2023-07-23 17:27:34 +0000 UTC,non mandatory,1.0,51A,"Take anyone else. If no other professor is available, take 51A another quarter. Not understanding at all, lectures are hard to follow and illegibly hand-written DURING lecture. Anything I learned from this class was from the TAs or the book. Unorganized and blames student's struggling on themselves, first time teaching and grades harshly...",False,2023-06-19 04:51:03 +0000 UTC,5.0,UNFLAGGED,,1.0,UmF0aW5nLTM4MDU0NjE3,True,False,38054617.0,Tough grader--Test heavy,,,"[{'computerId': 'dI2yXXJwHI-20230410', 'id': 'VGh1bWItNTE0NjE5OTg=', 'thumbsDown': 1, 'thumbsUp': 0}, {'computerId': 'PSNE4n2OzD-20230515', 'id': 'VGh1bWItNTE1MDMwNTY=', 'thumbsDown': 0, 'thumbsUp': 1}]",1.0,1.0,
Ryan Barrett,Chemistry,University of California Irvine Extension,2906286,8,Rating,2023-07-22 16:51:50 +0000 UTC,non mandatory,1.0,51A,"Unorganized lectures, sometimes wouldn't post on time, so you would be behind. Test avgs are low, but says it's' because of student's way of studying. Had to self study to do way better on MT2 than MT1. Stated in the beginning of quarter that he doesn't record lecs, until a week before final exam, he would post all of lecs. TAs carried. ",False,2023-06-18 03:41:49 +0000 UTC,5.0,UNFLAGGED,C,1.0,UmF0aW5nLTM4MDUzMDk1,True,False,38053095.0,Tough grader--Test heavy--Graded by few things,,,"[{'computerId': 'dI2yXXJwHI-20230410', 'id': 'VGh1bWItNTE0NjE5OTc=', 'thumbsDown': 1, 'thumbsUp': 0}]",1.0,0.0,
Ryan Barrett,Chemistry,University of California Irvine Extension,2906286,8,Rating,2023-07-22 16:51:50 +0000 UTC,non mandatory,4.0,51A,"This class was definitely challenging (as all ochem is), and while the professor does come off as awkward I think he tried his best. Definitely make sure to study and review the material. Practice tests are VERY similar to the actual tests.",False,2023-06-18 03:35:08 +0000 UTC,3.0,UNFLAGGED,A-,4.0,UmF0aW5nLTM4MDUzMDg5,True,False,38053089.0,Lecture heavy--Graded by few things,,3.0,"[{'computerId': 'ds4SH2-Tl0-20230618', 'id': 'VGh1bWItNTE0NTAxODU=', 'thumbsDown': 1, 'thumbsUp': 0}, {'computerId': '5Urtu-gk0g-20230618', 'id': 'VGh1bWItNTE0NTIxMTg=', 'thumbsDown': 1, 'thumbsUp': 0}, {'computerId': 'bXTvumo9C1-20230618', 'id': 'VGh1bWItNTE0NTM3ODk=', 'thumbsDown': 1, 'thumbsUp': 0}, {'computerId': 'vlSnWapPf5-20230618', 'id': 'VGh1bWItNTE0NTQyODQ=', 'thumbsDown': 1, 'thumbsUp': 0}, {'computerId': 'D8PIS_W-27-20230618', 'id': 'VGh1bWItNTE0NTQ1ODI=', 'thumbsDown': 1, 'thumbsUp': 0}, {'computerId': 'dI2yXXJwHI-20230410', 'id': 'VGh1bWItNTE0NjE5OTk=', 'thumbsDown': 0, 'thumbsUp': 1}, {'computerId': 'NK3YJu2aJC-20230625', 'id': 'VGh1bWItNTE1MDA0MDY=', 'thumbsDown': 1, 'thumbsUp': 0}, {'computerId': 'PSNE4n2OzD-20230515', 'id': 'VGh1bWItNTE1MDMwNjM=', 'thumbsDown': 1, 'thumbsUp': 0}]",7.0,1.0,1.0
Ryan Barrett,Chemistry,University of California Irvine Extension,2906286,8,Rating,2023-07-22 16:33:42 +0000 UTC,non mandatory,1.0,51A,"Never gotten below a B+, this was a whole new experience. Lectures were rushed/unorganized. Students would ask questions, he would belittle them then rant how nobody asks for help or goes to OH. Only reason I passed was bc of the TAs that explained well. Was unclear on the curve until grades were due. U need to memorize more than the typical 51A ",False,2023-06-18 02:14:30 +0000 UTC,5.0,UNFLAGGED,C+,1.0,UmF0aW5nLTM4MDUyOTkz,True,False,38052993.0,Tough grader--Test heavy,,-1.0,"[{'computerId': '8v7h0Rkfpn-20230618', 'id': 'VGh1bWItNTE0NTA2NTc=', 'thumbsDown': 0, 'thumbsUp': 1}, {'computerId': 'dI2yXXJwHI-20230410', 'id': 'VGh1bWItNTE0NjIwMTU=', 'thumbsDown': 1, 'thumbsUp': 0}]",1.0,1.0,
Jessica Schirle,Mathematics,University of California Irvine Extension,2952960,1,Rating,2023-11-30 05:13:46 +0000 UTC,non mandatory,5.0,Math-2B,Good at teaching and answers questions well. The class was very organized with no surprises. Lectures can feel a bit fast and there are weekly video lectures (~1hr) that have to be watched outside of class. She is very caring and understanding of students' situations. Definitly wants everyone to succeed. Expect to do practice problems everyday.,False,2023-11-30 05:13:26 +0000 UTC,3.0,UNFLAGGED,Not sure yet,5.0,UmF0aW5nLTM4NDcwNzcy,True,False,38470772.0,Lots of homework--Caring--Accessible outside class,,3.0,[],0.0,0.0,1.0
Pablo Torres,Sociology,University of California Irvine Extension,2957548,1,Rating,2023-12-02 02:59:19 +0000 UTC,non mandatory,5.0,69020,I took sociol 1. I loved his class. His lectures are optional but are really inspiring and give you a new way of thinking.,False,2023-12-02 02:59:02 +0000 UTC,1.0,UNFLAGGED,A+,5.0,UmF0aW5nLTM4NDkwOTk4,True,True,38490998.0,Inspirational--Hilarious--Graded by few things,,-1.0,[],0.0,0.0,1.0
Munyao Kilolo,Writing,University of California Irvine Extension,2958604,1,Rating,2023-12-04 18:59:32 +0000 UTC,mandatory,4.0,33368,"He is very caring and understanding when it comes to extensions. There's quite a bit of textbook reading at the beginning of the quarter, but it tapers off when it comes to the research projects. There are two major essays due and a final ePortfolio. Not a lot of work and a super nice guy!",False,2023-12-04 18:59:24 +0000 UTC,2.0,UNFLAGGED,A,4.0,UmF0aW5nLTM4NTA3MzU5,True,False,38507359.0,Clear grading criteria--Gives good feedback--Caring,,3.0,[],0.0,0.0,1.0
Masoud Mahmoodi Shahrebabki,Writing,University of California Irvine Extension,2777761,17,Rating,2023-12-19 23:23:04 +0000 UTC,mandatory,5.0,20078,"If you wanna enjoy the course and learn something helpful, take this course",False,2023-12-19 23:23:02 +0000 UTC,2.0,UNFLAGGED,A,5.0,UmF0aW5nLTM4NzQ3OTk5,True,False,38747999.0,,,3.0,[],0.0,0.0,1.0
Masoud Mahmoodi Shahrebabki,Writing,University of California Irvine Extension,2777761,17,Rating,2023-12-19 23:20:24 +0000 UTC,mandatory,5.0,20078,The professor is very caring and funny. He is also very knowledgeable about writing. The course material are organized well and the assignment instructions are clear.,False,2023-12-19 23:20:15 +0000 UTC,2.0,UNFLAGGED,A,5.0,UmF0aW5nLTM4NzQ3OTU2,True,False,38747956.0,Participation matters--Gives good feedback--Inspirational,,-1.0,[],0.0,0.0,1.0
Masoud Mahmoodi Shahrebabki,Writing,University of California Irvine Extension,2777761,17,Rating,2023-12-18 20:24:52 +0000 UTC,mandatory,1.0,ACENG20C,"The class workload was reasonable. However, this is the most unprofessional teacher I've ever taken class with. He would spend the class time making irrelevant jokes, and just stare at the board. He dgaf if you have a problem that he can help with, he would blame you for everything. Skip him if you can.  ",False,2023-12-18 20:24:51 +0000 UTC,4.0,UNFLAGGED,B-,1.0,UmF0aW5nLTM4NzMwNTI1,True,False,38730525.0,Tough grader--Group projects--Test heavy,,-1.0,"[{'computerId': 'psTCyn9Wq2-20231219', 'id': 'VGh1bWItNTIyODI4MTU=', 'thumbsDown': 1, 'thumbsUp': 0}]",1.0,0.0,
Masoud Mahmoodi Shahrebabki,Writing,University of California Irvine Extension,2777761,17,Rating,2023-12-12 06:46:14 +0000 UTC,mandatory,5.0,20078,He is an amazing professor who really cares about his students. The assignments are really useful.,False,2023-12-12 06:45:56 +0000 UTC,2.0,UNFLAGGED,A-,5.0,UmF0aW5nLTM4NjI1MzU3,True,False,38625357.0,,,3.0,[],0.0,0.0,1.0
Masoud Mahmoodi Shahrebabki,Writing,University of California Irvine Extension,2777761,17,Rating,2023-12-11 21:10:47 +0000 UTC,mandatory,4.0,ACENG20C,Professor Mahmoodi Shahrebabki will give you lot of group project on class and after class. He will be glad to answer any clear question you ask. Leaving a good impression will be helpful since he might give you a better grade if he know you are hard working and willing to learn. ,False,2023-12-11 21:10:33 +0000 UTC,2.0,UNFLAGGED,C,4.0,UmF0aW5nLTM4NjE0NzE5,True,False,38614719.0,Group projects--Gives good feedback,,-1.0,[],0.0,0.0,1.0
Masoud Mahmoodi Shahrebabki,Writing,University of California Irvine Extension,2777761,17,Rating,2023-12-11 21:09:01 +0000 UTC,mandatory,4.0,ACENG20C,The professor will give you lot of group project on class and after class. He will be glad to answer any clear question you ask. Leaving a good impression will be helpful since he might give you a better grade if he know you are hard working and willing to learn. ,False,2023-12-11 21:08:50 +0000 UTC,2.0,UNFLAGGED,C,4.0,UmF0aW5nLTM4NjE0Njgw,True,False,38614680.0,Group projects--Gives good feedback,,-1.0,[],0.0,0.0,1.0
Masoud Mahmoodi Shahrebabki,Writing,University of California Irvine Extension,2777761,17,Rating,2023-12-10 21:27:14 +0000 UTC,mandatory,5.0,ACENG20C,very good professor,False,2023-12-10 21:26:58 +0000 UTC,1.0,UNFLAGGED,A+,5.0,UmF0aW5nLTM4NTk5NTg3,False,False,38599587.0,EXTRA CREDIT--Amazing lectures --Gives good feedback,,3.0,[],0.0,0.0,1.0
Masoud Mahmoodi Shahrebabki,Writing,University of California Irvine Extension,2777761,17,Rating,2023-12-04 03:42:06 +0000 UTC,mandatory,5.0,20085,He has a fun personality and prepares his students very well for upcoming tests and big assignments.,False,2023-12-04 03:42:01 +0000 UTC,3.0,UNFLAGGED,B+,5.0,UmF0aW5nLTM4NTAxNDY0,True,False,38501464.0,Tough grader--Group projects--Hilarious,,-1.0,[],0.0,0.0,1.0
Masoud Mahmoodi Shahrebabki,Writing,University of California Irvine Extension,2777761,17,Rating,2023-12-03 00:14:00 +0000 UTC,mandatory,5.0,20078,"This class is manageable as long as you pay attention and come to class. He is strict about attendance, but for good reason. There are no textbook readings besides an online grammar textbook for you to refer to. The Professor is funny and his lectures are both interesting and entertaining. Pay attention and expect pop quizzes!",False,2023-12-03 00:13:54 +0000 UTC,3.0,UNFLAGGED,A-,5.0,UmF0aW5nLTM4NDk0OTQ4,True,False,38494948.0,Group projects--Hilarious--Beware of pop quizzes,,3.0,[],0.0,0.0,1.0
Masoud Mahmoodi Shahrebabki,Writing,University of California Irvine Extension,2777761,17,Rating,2023-11-30 21:21:01 +0000 UTC,mandatory,5.0,20095,good,False,2023-11-30 21:20:53 +0000 UTC,3.0,UNFLAGGED,B-,5.0,UmF0aW5nLTM4NDc4MjQ1,True,False,38478245.0,Participation matters--Group projects--Clear grading criteria,,-1.0,[],0.0,0.0,1.0
Masoud Mahmoodi Shahrebabki,Writing,University of California Irvine Extension,2777761,17,Rating,2023-11-30 09:28:52 +0000 UTC,mandatory,5.0,20085,"Very easy if you pay attention, more based on critical thinking than memorization. He gives good assignments and tests that ensure you stay on track. Good PowerPoint slides and helpful links. Quite funny too.",False,2023-11-30 09:28:39 +0000 UTC,3.0,UNFLAGGED,Not sure yet,5.0,UmF0aW5nLTM4NDcxNjIy,True,False,38471622.0,Group projects--Hilarious--Beware of pop quizzes,,-1.0,[],0.0,0.0,1.0
Masoud Mahmoodi Shahrebabki,Writing,University of California Irvine Extension,2777761,17,Rating,2023-11-30 06:24:56 +0000 UTC,mandatory,5.0,20095,"This class can be difficult, especially because a lot of it is critical thinking instead of memorization. There is a very particular standard for formatting and maintaining a formal style. This is a passable class but there are very high expectations for even the smallest assignments. ",False,2023-11-30 06:24:39 +0000 UTC,4.0,UNFLAGGED,B-,5.0,UmF0aW5nLTM4NDcxMTg3,True,False,38471187.0,Tough grader--Participation matters--Gives good feedback,,-1.0,[],0.0,0.0,1.0
Masoud Mahmoodi Shahrebabki,Writing,University of California Irvine Extension,2777761,17,Rating,2023-11-22 20:37:02 +0000 UTC,mandatory,5.0,20095,"The professor teaches writing skills that actually matter in the professional world or if you are looking into graduate school. The class is not difficult, but it is very important to pay attention (50min class) because he will ask them on tests or quizzes and expect you to know it since he mentioned it at least once. ",False,2023-11-22 20:36:42 +0000 UTC,3.0,UNFLAGGED,Not sure yet,5.0,UmF0aW5nLTM4NDMwNzE4,True,False,38430718.0,Participation matters--Beware of pop quizzes,,3.0,[],0.0,0.0,1.0
Masoud Mahmoodi Shahrebabki,Writing,University of California Irvine Extension,2777761,17,Rating,2023-11-21 03:15:49 +0000 UTC,mandatory,5.0,20078,"The professor assists students in better understanding the material through clear PowerPoint presentations and detailed explanations during lectures. He provides clear instructions and examples to assist us in completing assignments effectively. I think that as long as you put in effort and stay attentive during this class, you can get good grades.",False,2023-11-21 03:15:16 +0000 UTC,3.0,UNFLAGGED,A-,5.0,UmF0aW5nLTM4NDI0NDky,True,False,38424492.0,Group projects--Gives good feedback--Respected,,-1.0,[],0.0,0.0,1.0
Masoud Mahmoodi Shahrebabki,Writing,University of California Irvine Extension,2777761,17,Rating,2023-11-20 18:28:57 +0000 UTC,mandatory,5.0,20095,"I wouldn't say it is a hard course. You can get a really good grade as long as you put in effort. There are clear grading criteria, daily agendas, and requirements. All you need to do is participate and not be lazy. really good professor ong ",False,2023-11-20 18:28:41 +0000 UTC,3.0,UNFLAGGED,A,5.0,UmF0aW5nLTM4NDIxNDkx,True,False,38421491.0,Clear grading criteria--Hilarious--Respected,,-1.0,[],0.0,0.0,1.0
Masoud Mahmoodi Shahrebabki,Writing,University of California Irvine Extension,2777761,17,Rating,2023-07-17 16:51:51 +0000 UTC,mandatory,1.0,ACENG20C,"Irrational lectures. He abruptly mentioned attendance, which ruined the speech. However, it has some strange regulations, such as no emails, only canvas. He demands attendance. One minute late is late, but three or four minutes late is not. His homework is demanding, and the class average is poor. His English teacher accent is very serious.",False,2023-07-17 16:51:24 +0000 UTC,4.0,UNFLAGGED,Incomplete,1.0,UmF0aW5nLTM4MTA3NDk0,True,True,38107494.0,Lecture heavy--Test heavy,,-1.0,[],0.0,0.0,
Masoud Mahmoodi Shahrebabki,Writing,University of California Irvine Extension,2777761,17,Rating,2023-04-26 20:20:05 +0000 UTC,mandatory,1.0,20095,"He is super strict with grading and preaches being academic. However, he is incredibly unprofessional during class.",False,2023-02-03 01:42:22 +0000 UTC,5.0,UNFLAGGED,Not sure yet,1.0,UmF0aW5nLTM3NDAzODU3,True,False,37403857.0,Tough grader--Beware of pop quizzes,,-1.0,"[{'computerId': 'SMZL8Q5ey_-20230609', 'id': 'VGh1bWItNTEzOTg3NzM=', 'thumbsDown': 0, 'thumbsUp': 1}, {'computerId': 'XUt3YFywP8-20230611', 'id': 'VGh1bWItNTEzOTg5MTc=', 'thumbsDown': 0, 'thumbsUp': 1}]",0.0,2.0,
Carina Padilla,Humanities,University of California Irvine Extension,2967168,1,Rating,2023-12-13 22:55:42 +0000 UTC,mandatory,2.0,SPANISH-3H,"The online homework was helpful and easy, but the strict essay grading and accusations of using ChatGPT were frustrating. The feedback on essay drafts was mediocre at best, we didn't know how to improve. There was also a feeling of favoritism. On the positive side, the homework reviews in class were detailed and the vocabulary list was useful.",False,2023-12-13 22:55:30 +0000 UTC,3.0,UNFLAGGED,A,2.0,UmF0aW5nLTM4NjU3NzI0,False,False,38657724.0,Get ready to read--Lots of homework--So many papers,,-1.0,[],0.0,0.0,
Sherif Hassaan,Engineering,University of California Irvine Extension,2906172,6,Rating,2023-12-21 03:23:30 +0000 UTC,non mandatory,1.0,MAE-91,"there is a reason why there is a petition to remove this man from teaching at UCI. AVOID AT ALL COSTS, EVEN IF IT MEANS GRADUATING LATE. ",False,2023-12-21 03:23:20 +0000 UTC,5.0,UNFLAGGED,C-,1.0,UmF0aW5nLTM4NzYzMjE4,True,False,38763218.0,,,-1.0,[],0.0,0.0,
Sherif Hassaan,Engineering,University of California Irvine Extension,2906172,6,Rating,2023-09-01 19:53:45 +0000 UTC,,1.0,MAE-91,"good luck. professor ended lecture early multiple times to watch the nba playoffs. his midterm and final were nothing like his lecture slides, and he belittled anyone who asked questions during lecture. There was almost no way to do well in the course unless you previoulsy understood thermodynamics or just read the textbook and learned without him",False,2023-09-01 19:53:25 +0000 UTC,5.0,UNFLAGGED,D+,1.0,UmF0aW5nLTM4MjAwMDg5,True,False,38200089.0,Tough grader--Test heavy--Graded by few things,,3.0,[],0.0,0.0,
Sherif Hassaan,Engineering,University of California Irvine Extension,2906172,6,Rating,2023-07-03 20:23:22 +0000 UTC,non mandatory,3.0,MAE-91,"Class consisted of 8 homeworks,8 weekly assignments, a midterm, and the final. It was his first time teaching so he was learning with the students. Honestly, I just don't think his humor translated well but when you talked to him one-on-one, he would help and encourage you. 
(Also, do as many example problems as you can for this class)",False,2023-06-21 09:34:26 +0000 UTC,4.0,UNFLAGGED,A-,3.0,UmF0aW5nLTM4MDU5ODg3,True,False,38059887.0,Lecture heavy--Accessible outside class,,3.0,"[{'computerId': 'WQeUIFa1BZ-20230628', 'id': 'VGh1bWItNTE1MjAzNjY=', 'thumbsDown': 1, 'thumbsUp': 0}, {'computerId': 'j-ONLzn9By-20230711', 'id': 'VGh1bWItNTE2MDQ0Njk=', 'thumbsDown': 1, 'thumbsUp': 0}, {'computerId': 'pmsWuRalKR-20230624', 'id': 'VGh1bWItNTE3NTMxNDM=', 'thumbsDown': 1, 'thumbsUp': 0}, {'computerId': 'vMAy4XEca9-20230801', 'id': 'VGh1bWItNTE3ODExODg=', 'thumbsDown': 0, 'thumbsUp': 0}]",3.0,0.0,1.0
Sherif Hassaan,Engineering,University of California Irvine Extension,2906172,6,Rating,2023-09-06 16:04:09 +0000 UTC,non mandatory,1.0,MAE-91,"Took Mae91 this spring, it was bad. During lectures he can spend so much time on one simple thing then rushes the difficult topics. He would gaslight students when asking questions about the steps he took in example problems. Exams were VERY difficult, low average for exams were. Out of pocket remarks/ not understanding. Lots of self studying. ",False,2023-06-20 22:44:19 +0000 UTC,5.0,UNFLAGGED,D-,1.0,UmF0aW5nLTM4MDU4NzYz,True,False,38058763.0,Tough grader--Get ready to read--Test heavy,,3.0,"[{'computerId': 'rUEDtMhrQu-20230620', 'id': 'VGh1bWItNTE0NjgyNjI=', 'thumbsDown': 0, 'thumbsUp': 1}, {'computerId': 'WQeUIFa1BZ-20230628', 'id': 'VGh1bWItNTE1MjAzNzA=', 'thumbsDown': 0, 'thumbsUp': 1}]",0.0,2.0,
Sherif Hassaan,Engineering,University of California Irvine Extension,2906172,6,Rating,2023-07-20 21:55:35 +0000 UTC,non mandatory,1.0,MAE-91,My experience with Hassaan as an educator was incredibly disappointing. Their blatant disregard for the importance of education and prioritization of personal interests over teaching left me feeling frustrated and undervalued. His decision to consistently end lectures early to watch NBA playoffs was a clear reflection of their lack of commitment.,False,2023-06-20 07:35:34 +0000 UTC,5.0,UNFLAGGED,Not sure yet,1.0,UmF0aW5nLTM4MDU3MTI3,True,False,38057127.0,Tough grader--Test heavy--Accessible outside class,,3.0,"[{'computerId': 'H3bnxyhnrz-20230620', 'id': 'VGh1bWItNTE0Njc4NDU=', 'thumbsDown': 0, 'thumbsUp': 1}, {'computerId': 'rUEDtMhrQu-20230620', 'id': 'VGh1bWItNTE0NjgyNDg=', 'thumbsDown': 0, 'thumbsUp': 1}, {'computerId': 'AenXTLgP6w-20230623', 'id': 'VGh1bWItNTE0ODc5MDU=', 'thumbsDown': 0, 'thumbsUp': 1}, {'computerId': 'WQeUIFa1BZ-20230628', 'id': 'VGh1bWItNTE1MjAzNzE=', 'thumbsDown': 0, 'thumbsUp': 1}]",0.0,4.0,
Sherif Hassaan,Engineering,University of California Irvine Extension,2906172,6,Rating,2023-07-12 22:36:50 +0000 UTC,non mandatory,1.0,MAE-91,"i dont even know where to start. he reads his lecture notes off the slide and gives one example per class on how to do the problem. You really learn by yourself. With a curve on the exam, the average was low still even the concepts seemed easy to understand. You are better off learning online. ",False,2023-05-30 22:20:07 +0000 UTC,5.0,UNFLAGGED,Not sure yet,1.0,UmF0aW5nLTM4MDA2NzE4,True,False,38006718.0,,,3.0,"[{'computerId': '4ORniOfUB1-20230608', 'id': 'VGh1bWItNTEzNzYyNTU=', 'thumbsDown': 0, 'thumbsUp': 1}, {'computerId': 'CsXlYBvetd-20230614', 'id': 'VGh1bWItNTE0MjM1MTg=', 'thumbsDown': 0, 'thumbsUp': 1}, {'computerId': 'H3bnxyhnrz-20230620', 'id': 'VGh1bWItNTE0Njc4MjU=', 'thumbsDown': 0, 'thumbsUp': 1}, {'computerId': 'rUEDtMhrQu-20230620', 'id': 'VGh1bWItNTE0NjgyNTY=', 'thumbsDown': 0, 'thumbsUp': 1}, {'computerId': 'WQeUIFa1BZ-20230628', 'id': 'VGh1bWItNTE1MjAzNzc=', 'thumbsDown': 0, 'thumbsUp': 1}]",0.0,5.0,
